{"base_program_val_coverage":16,"iteration":0,"_timestamp":1.7647407403221974e+09,"_step":0,"base_program_full_valset_score":-6278.151608152802,"_wandb":{"runtime":0},"_runtime":0.341066273}