{"_wandb":{"runtime":0},"_runtime":0,"_step":2,"gepa/score":0.8999999999999999,"gepa/iteration":3,"_timestamp":1.7740700301819832e+09}