{"_runtime":0.123820059,"host/loss":0.1,"_timestamp":1.7740700287417922e+09,"_step":9,"_wandb":{"runtime":0}}