{"_step":19,"_timestamp":1.7740700316369855e+09,"_wandb":{"runtime":0},"host/loss":0.05,"_runtime":0.12480239}