{"_wandb":{"runtime":23},"_runtime":23.893669736,"base_program_val_coverage":5,"iteration":0,"total_metric_calls":5,"_timestamp":1.7714868969737296e+09,"_step":0,"base_program_full_valset_score":0.00519955683867755}