{"_wandb":{"runtime":0},"_runtime":0.147870548,"host/loss":0.05,"_timestamp":1.7740699149710438e+09,"_step":19,"gepa/iteration":3,"gepa/score":0.8}