{"_wandb":{"runtime":0},"host/loss":0.04,"_runtime":0.125991019,"_step":24,"_timestamp":1.7740700345593238e+09}